City_ID,City,Lat,Lng,Max Temp,Humidity,Cloudiness,Wind Speed,Country,Date
0,abu kamal,34.4506,40.9171,297.65,22,0,1.24,SY,1667640260
1,hobart,-42.8794,147.3294,286.07,86,100,4.63,AU,1667640017
2,rikitea,-23.1203,-134.9692,294.72,68,85,5.84,PF,1667640263
3,albany,42.6001,-73.9662,290.03,88,100,2.84,US,1667640264
4,bol,13.4586,14.7147,299.44,34,25,4.82,TD,1667640265
5,ushuaia,-54.8,-68.3,280.96,87,0,2.06,AR,1667640267
6,grindavik,63.8424,-22.4338,279.12,70,0,6.69,IS,1667640268
7,bluff,-46.6,168.3333,283.11,64,61,6.35,NZ,1667640270
8,langham,52.3668,-106.9679,273.06,82,100,5.51,CA,1667640271
9,harwich,51.9419,1.2844,282.73,84,100,2.24,GB,1667640272
10,kotelnich,58.3089,48.348,273.44,86,97,2.23,RU,1667640274
11,thompson,55.7435,-97.8558,268.24,93,100,2.06,CA,1667640275
12,yellowknife,62.456,-114.3525,256.44,85,75,5.14,CA,1667640277
13,atuona,-9.8,-139.0333,298.17,75,30,6.44,PF,1667640278
14,mataura,-46.1927,168.8643,278.3,85,8,1.06,NZ,1667640280
15,thomastown,52.5267,-7.1372,286.72,98,100,6.49,IE,1667640281
16,mahebourg,-20.4081,57.7,300.31,69,75,6.69,MU,1667640283
17,margate,51.3813,1.3862,282.76,80,94,1.34,GB,1667640284
18,shihezi,44.3,86.0333,286.03,32,100,2.39,CN,1667640285
19,nikolskoye,59.7035,30.7861,272.09,70,21,3.29,RU,1667640288
20,jos,9.9167,8.9,297.51,25,39,4.25,NG,1667640291
21,san mateo ixtatan,15.8319,-91.4781,283.05,94,100,1.43,GT,1667640293
22,new norfolk,-42.7826,147.0587,285.87,73,100,1.34,AU,1667640295
23,busselton,-33.65,115.3333,292.72,55,1,6.4,AU,1667640296
24,lagoa,39.05,-27.9833,290.67,64,100,6.66,PT,1667640041
25,luis correia,-2.8792,-41.6669,296.16,83,100,2.17,BR,1667640299
26,bethel,41.3712,-73.414,289.93,88,100,0.0,US,1667640300
27,seoul,37.5683,126.9778,282.84,53,0,2.06,KR,1667640156
28,lalas,37.7167,21.7167,294.15,53,50,4.31,GR,1667640303
29,sainte-marie,-20.8968,55.5496,301.22,72,20,3.6,RE,1667640304
30,bambous virieux,-20.3428,57.7575,300.29,69,75,6.69,MU,1667640306
31,saint-philippe,-21.3585,55.7679,299.88,77,24,3.8,RE,1667640307
32,meulaboh,4.1363,96.1285,300.63,71,99,2.49,ID,1667640309
33,hualmay,-11.0964,-77.6139,288.84,90,22,3.71,PE,1667640310
34,kem,64.9555,34.5793,276.82,87,100,3.53,RU,1667640313
35,kavaratti,10.5669,72.642,300.82,72,100,3.03,IN,1667640314
36,vaini,-21.2,-175.2,297.24,78,40,2.57,TO,1667640316
37,broken hill,-31.95,141.4333,295.13,31,100,1.31,AU,1667640317
38,punta arenas,-53.15,-70.9167,281.21,81,0,2.06,CL,1667640145
39,karratha,-20.7377,116.8463,301.26,45,8,7.37,AU,1667640320
40,hermanus,-34.4187,19.2345,295.82,72,100,4.38,ZA,1667640321
41,petropavlovsk-kamchatskiy,53.0452,158.6483,273.48,80,40,4.0,RU,1667640323
42,likhoslavl,57.1275,35.464,274.3,75,53,1.11,RU,1667640326
43,jamestown,42.097,-79.2353,290.92,72,0,4.02,US,1667640328
44,kapaa,22.0752,-159.319,299.33,84,100,8.75,US,1667640329
45,penzance,50.1186,-5.5371,285.77,100,75,9.77,GB,1667640331
46,pevek,69.7008,170.3133,258.89,68,57,6.45,RU,1667640332
47,sitka,57.0531,-135.33,274.09,86,75,0.0,US,1667640333
48,port alfred,-33.5906,26.891,296.58,76,18,2.68,ZA,1667640335
49,shahreza,32.0339,51.8794,287.45,25,87,0.6,IR,1667640336
50,kaduna,10.5222,7.4383,300.81,21,54,4.87,NG,1667640338
51,aksu,41.1231,80.2644,286.86,28,100,1.11,CN,1667640339
52,ostersund,63.1792,14.6357,279.4,100,100,8.23,SE,1667640340
53,ilulissat,69.2167,-51.1,268.16,93,100,2.06,GL,1667640342
54,aranda de duero,41.6704,-3.6892,281.38,68,0,1.21,ES,1667640343
55,moussoro,13.6408,16.4901,301.12,15,69,5.28,TD,1667640345
56,qaanaaq,77.484,-69.3632,264.14,87,98,3.4,GL,1667640346
57,kralendijk,12.15,-68.2667,300.14,74,100,4.12,BQ,1667640348
58,acapulco,16.8634,-99.8901,298.05,94,0,0.0,MX,1667640157
59,east london,-33.0153,27.9116,297.67,64,0,8.23,ZA,1667640351
60,ural,55.9078,94.7464,272.32,88,49,1.01,RU,1667640353
61,pimentel,-6.8367,-79.9342,289.52,89,61,4.29,PE,1667640354
62,ostrovnoy,68.0531,39.5131,276.54,97,100,4.28,RU,1667640356
63,boueni,-12.9025,45.0761,302.14,70,3,5.51,YT,1667640357
64,westport,41.1415,-73.3579,291.34,90,100,0.45,US,1667640250
65,khatanga,71.9667,102.5,243.22,100,98,1.84,RU,1667640361
66,tasiilaq,65.6145,-37.6368,274.24,97,100,5.66,GL,1667640362
67,faya,18.3851,42.4509,297.21,47,3,1.91,SA,1667640364
68,khandbari,27.3747,87.2039,296.69,57,3,2.09,NP,1667640365
69,puerto ayora,-0.7393,-90.3518,292.3,78,100,4.88,EC,1667640367
70,chokurdakh,70.6333,147.9167,254.95,88,100,1.84,RU,1667640370
71,dingzhou,38.5131,114.9956,285.21,42,0,1.95,CN,1667640371
72,halifax,44.6453,-63.5724,287.32,91,41,3.6,CA,1667640180
73,alice springs,-23.7,133.8833,301.9,10,0,4.12,AU,1667640374
74,arraial do cabo,-22.9661,-42.0278,293.07,83,40,3.6,BR,1667640375
75,katsuura,35.1333,140.3,288.4,76,100,6.16,JP,1667640377
76,linxia,35.6003,103.2064,287.24,27,36,1.37,CN,1667640378
77,norman wells,65.282,-126.8329,258.17,85,100,3.6,CA,1667640380
78,jalu,29.0331,21.5482,297.17,31,1,4.71,LY,1667640381
79,butaritari,3.0707,172.7902,300.2,78,96,5.24,KI,1667640382
80,ahipara,-35.1667,173.1667,286.18,80,0,3.86,NZ,1667640384
81,macenta,8.5435,-9.471,297.96,49,81,0.49,GN,1667640385
82,bonavista,48.6499,-53.1147,281.09,84,94,7.92,CA,1667640387
83,lebu,-37.6167,-73.65,284.09,77,87,3.99,CL,1667640388
84,kourou,5.1552,-52.6478,296.18,94,55,1.41,GF,1667640389
85,padang,-0.9492,100.3543,300.18,72,99,1.59,ID,1667640391
86,north bend,43.4065,-124.2243,288.66,100,100,9.26,US,1667640393
87,mersing,2.4312,103.8405,301.1,83,40,1.54,MY,1667640394
88,big spring,32.2504,-101.4787,281.06,45,0,2.06,US,1667640395
89,taoudenni,22.6783,-3.9836,299.8,12,0,6.8,ML,1667640399
90,portland,45.5234,-122.6762,285.07,87,100,6.17,US,1667640205
91,nakambala,-15.8324,27.7799,300.55,46,99,2.92,ZM,1667640402
92,howard springs,-12.497,131.047,305.1,69,26,3.84,AU,1667640403
93,poum,-20.2333,164.0167,298.96,82,47,8.43,NC,1667640405
94,betma,22.6833,75.6167,304.27,27,20,2.06,IN,1667640406
95,waingapu,-9.6567,120.2641,302.99,66,100,4.55,ID,1667640407
96,luderitz,-26.6481,15.1594,295.57,56,0,4.15,NA,1667640410
97,touros,-5.1989,-35.4608,298.87,79,57,2.95,BR,1667640401
98,barrow,71.2906,-156.7887,262.16,85,100,1.54,US,1667640413
99,fort nelson,58.8053,-122.7002,258.92,78,75,3.09,CA,1667640414
100,chuy,-33.6971,-53.4616,286.76,92,0,3.12,UY,1667640416
101,kamaishi,39.2667,141.8833,281.26,71,5,3.44,JP,1667640417
102,novyy urengoy,66.0833,76.6333,267.22,93,85,3.06,RU,1667640158
103,mogadishu,2.0371,45.3438,302.08,84,75,4.12,SO,1667640368
104,matveyevka,52.15,56.1833,270.93,88,100,2.53,RU,1667640421
105,comodoro rivadavia,-45.8667,-67.5,283.07,66,0,2.06,AR,1667640422
106,harper,4.375,-7.7169,300.03,79,68,1.96,LR,1667640424
107,sao filipe,14.8961,-24.4956,299.96,59,35,3.26,CV,1667640425
108,carnarvon,-24.8667,113.6333,294.2,65,0,11.37,AU,1667640428
109,inuvik,68.3499,-133.7218,260.57,85,100,3.6,CA,1667640318
110,goderich,43.7501,-81.7165,291.33,59,100,7.2,CA,1667640432
111,hilo,19.7297,-155.09,297.38,87,0,2.24,US,1667640433
112,airai,-8.9266,125.4092,291.94,86,100,1.15,TL,1667640435
113,te anau,-45.4167,167.7167,279.75,85,49,1.34,NZ,1667640436
114,shingu,33.7333,135.9833,288.06,74,7,1.05,JP,1667640440
115,provideniya,64.3833,-173.3,262.35,78,4,1.09,RU,1667640441
116,shitanjing,39.2342,106.3439,281.78,35,85,0.95,CN,1667640443
117,dikson,73.5069,80.5464,271.82,98,99,3.54,RU,1667640444
118,el dorado,38.7666,-120.5177,281.79,78,86,1.34,US,1667640445
119,takoradi,4.8845,-1.7554,300.7,76,72,1.73,GH,1667640447
120,hami,42.8,93.45,286.92,21,12,3.56,CN,1667640265
121,georgetown,5.4112,100.3354,303.12,82,20,3.6,MY,1667640451
122,avarua,-21.2078,-159.775,296.18,78,75,3.6,CK,1667640452
123,ewa beach,21.3156,-158.0072,299.5,81,20,3.09,US,1667640454
124,hajnowka,52.7433,23.5812,280.94,87,100,0.89,PL,1667640456
125,pringsewu,-5.3582,104.9744,301.37,71,77,2.56,ID,1667640458
126,maua,-23.6678,-46.4614,286.31,85,68,1.74,BR,1667640459
127,solnechnyy,50.7214,136.6319,268.44,62,89,1.75,RU,1667640461
128,tiksi,71.6872,128.8694,256.04,99,100,2.07,RU,1667640462
129,torbay,47.6666,-52.7314,282.36,93,40,12.35,CA,1667640463
130,souillac,-20.5167,57.5167,300.36,69,75,6.69,MU,1667640465
131,hithadhoo,-0.6,73.0833,300.62,74,97,4.43,MV,1667640466
132,cap malheureux,-19.9842,57.6142,299.52,68,44,4.02,MU,1667640468
133,vilhena,-12.7406,-60.1458,287.43,68,14,1.57,BR,1667640469
134,la romana,18.4273,-68.9728,294.86,93,100,3.47,DO,1667640470
135,vilcun,-38.65,-72.2333,282.56,99,62,1.0,CL,1667640472
136,san vicente,-26.6167,-54.1333,282.16,93,2,1.31,AR,1667640355
137,shebunino,46.4339,141.8603,276.85,62,97,7.85,RU,1667640474
138,russell,32.3502,-85.1999,290.72,91,90,2.31,US,1667640477
139,vardo,70.3705,31.1107,276.14,87,100,3.09,NO,1667640478
140,yinchuan,38.4681,106.2731,284.58,32,61,0.81,CN,1667640480
141,pisco,-13.7,-76.2167,288.16,88,100,0.0,PE,1667640481
142,kajaani,64.2273,27.7285,275.18,93,100,1.54,FI,1667640483
143,sajanan,37.0573,9.2426,289.66,68,77,13.77,TN,1667640484
144,silver city,32.7701,-108.2803,275.17,73,0,4.12,US,1667640486
145,arlit,18.7369,7.3853,298.85,16,97,3.03,NE,1667640487
146,ust-kan,50.9276,84.761,280.49,52,88,2.34,RU,1667640488
147,mandalgovi,45.7625,106.2708,274.01,33,100,3.22,MN,1667640490
148,bredasdorp,-34.5322,20.0403,293.87,68,100,3.72,ZA,1667640491
149,castro,-24.7911,-50.0119,279.74,98,41,2.33,BR,1667640493
150,asau,46.4333,26.4,283.86,60,87,1.97,RO,1667640495
151,san quintin,30.4833,-115.95,288.28,56,7,0.71,MX,1667640496
152,powassan,46.0334,-79.3496,287.63,96,100,5.88,CA,1667640497
153,port macquarie,-31.4333,152.9167,289.2,70,10,2.27,AU,1667640499
154,port hedland,-20.3167,118.5667,301.18,61,5,7.72,AU,1667640382
155,kodinsk,58.6881,99.1844,271.94,89,100,1.91,RU,1667640503
156,jiexiu,37.0244,111.9125,286.96,47,2,0.64,CN,1667640504
157,pacific grove,36.6177,-121.9166,284.5,91,75,1.54,US,1667640505
158,severo-kurilsk,50.6789,156.125,277.3,64,41,12.95,RU,1667640507
159,thunder bay,48.4001,-89.3168,270.14,93,75,0.51,CA,1667640477
160,kidal,18.4411,1.4078,301.72,13,0,6.64,ML,1667640509
161,laguna,38.421,-121.4238,286.09,74,0,3.6,US,1667640340
162,salamanca,40.8333,-6.0,283.6,46,0,1.39,ES,1667640294
163,ancud,-41.8697,-73.8203,284.12,91,100,3.7,CL,1667640513
164,yanam,16.7333,82.2167,302.35,60,44,3.46,IN,1667640515
165,majene,-3.5403,118.9707,301.47,75,97,0.84,ID,1667640516
166,bekhtery,46.251,32.2927,286.54,56,49,6.04,UA,1667640517
167,edemissen,52.387,10.2614,282.41,85,6,0.45,DE,1667640519
168,lloydminster,53.2835,-110.0016,266.27,86,100,6.17,CA,1667640520
169,saint anthony,45.0205,-93.218,274.4,90,0,2.57,US,1667640522
170,kabare,-2.4683,28.8242,293.8,80,99,1.07,CD,1667640523
171,beringovskiy,63.05,179.3167,273.1,98,100,11.05,RU,1667640525
172,nargana,9.4428,-78.5906,299.03,85,100,6.81,PA,1667640526
173,coquimbo,-29.9533,-71.3436,286.0,82,100,2.06,CL,1667640527
174,donskoy,53.9711,38.3363,274.34,77,77,2.67,RU,1667640529
175,talnakh,69.4865,88.3972,266.6,95,100,5.24,RU,1667640530
176,sucha beskidzka,49.7419,19.5943,281.81,95,100,1.88,PL,1667640532
177,baykit,61.67,96.37,266.06,98,95,0.76,RU,1667640533
178,hokitika,-42.7167,170.9667,282.65,78,6,1.69,NZ,1667640535
179,suzun,53.7841,82.3116,278.6,48,86,4.24,RU,1667640536
180,yar-sale,66.8333,70.8333,262.44,89,60,4.17,RU,1667640537
181,derzhavinsk,51.1,66.3167,274.26,55,92,9.27,KZ,1667640539
182,sibolga,1.7427,98.7792,300.89,72,81,1.77,ID,1667640540
183,san patricio,28.017,-97.5169,293.07,53,84,6.21,US,1667640542
184,conceicao do araguaia,-8.2578,-49.2647,295.14,98,100,1.14,BR,1667640543
185,port hardy,50.6996,-127.4199,277.25,87,100,6.69,CA,1667640545
186,tumpat,6.1978,102.171,301.14,83,20,2.06,MY,1667640547
187,praia,14.9215,-23.5087,300.45,50,0,5.14,CV,1667640549
188,port elizabeth,-33.918,25.5701,295.31,78,75,4.63,ZA,1667640550
189,lakes entrance,-37.8811,147.981,289.91,85,58,0.26,AU,1667640552
190,illapel,-31.6308,-71.1653,286.46,79,22,0.72,CL,1667640553
191,remetea chioarului,47.5333,23.55,286.14,71,75,0.51,RO,1667640554
192,hobyo,5.3505,48.5268,301.73,65,91,5.73,SO,1667640556
193,wanaka,-44.7,169.15,282.27,80,73,1.74,NZ,1667640557
194,san cristobal,7.7669,-72.225,290.78,95,98,0.65,VE,1667640560
195,hargeysa,9.56,44.065,298.75,41,3,4.42,SO,1667640561
196,rudbar,30.15,62.6,298.15,30,9,1.14,AF,1667640563
197,cabo san lucas,22.8909,-109.9124,294.05,75,3,1.95,MX,1667640439
198,cape town,-33.9258,18.4232,297.1,67,20,5.14,ZA,1667640430
199,weligama,5.9667,80.4167,301.02,73,100,3.45,LK,1667640566
200,rawson,-43.3002,-65.1023,292.96,35,44,8.65,AR,1667640365
201,taveta,-3.3963,37.6736,302.91,35,42,3.84,KE,1667640570
202,geraldton,-28.7667,114.6,293.38,64,0,9.77,AU,1667640572
203,tautira,-17.7333,-149.15,295.69,93,100,8.53,PF,1667640573
204,komsomolskiy,40.4272,71.7189,288.55,63,73,2.06,UZ,1667640575
205,megion,61.0296,76.1136,276.16,84,100,6.92,RU,1667640577
206,noumea,-22.2763,166.4572,299.82,99,88,5.14,NC,1667640579
207,tuktoyaktuk,69.4541,-133.0374,259.38,95,97,4.07,CA,1667640580
208,krasnozerskoye,53.9828,79.2374,277.5,43,0,7.15,RU,1667640581
209,yeppoon,-23.1333,150.7333,295.03,62,20,8.21,AU,1667640583
210,guerrero negro,27.9769,-114.0611,289.48,40,0,0.18,MX,1667640584
211,adrar,20.5022,-10.0711,296.26,14,0,4.57,MR,1667640586
212,stara moravica,45.8689,19.4661,283.36,86,100,6.18,RS,1667640587
213,sinnamary,5.3833,-52.95,296.96,88,42,1.78,GF,1667640590
214,notre-dame-du-lac,47.6136,-68.7964,276.34,85,71,4.72,CA,1667640591
215,ribeira grande,38.5167,-28.7,289.69,72,40,3.09,PT,1667640593
216,college,64.8569,-147.8028,263.12,86,100,3.09,US,1667640594
217,krasnyy chikoy,50.3643,108.7512,271.68,66,99,0.5,RU,1667640595
218,ferme-neuve,46.7001,-75.4493,287.5,81,100,5.19,CA,1667640597
219,lata,40.1629,-8.3327,284.3,56,6,0.94,PT,1667640598
220,sisimiut,66.9395,-53.6735,267.76,90,100,3.79,GL,1667640600
221,sindor,62.8629,51.8905,268.09,83,58,1.85,RU,1667640601
222,mandurah,-32.55,115.7,292.03,76,0,9.91,AU,1667640602
223,fortuna,40.5982,-124.1573,287.23,90,100,3.58,US,1667640604
224,demba,-5.51,22.2667,298.6,83,94,0.44,CD,1667640606
225,vao,-22.6667,167.4833,297.24,87,38,8.07,NC,1667640607
226,hima,0.2958,30.1804,296.53,80,100,0.66,UG,1667640609
227,faanui,-16.4833,-151.75,297.79,91,100,13.46,PF,1667640610
228,ixtapa,20.7,-105.2,292.46,81,9,1.62,MX,1667640613
229,tipuani,-15.5648,-68.0185,286.66,84,5,0.84,BO,1667640614
230,bowen,-20.0167,148.2333,298.01,59,3,9.67,AU,1667640368
231,nuuk,64.1835,-51.7216,270.49,86,75,3.6,GL,1667640617
232,mayo,38.8876,-76.5119,291.04,95,100,3.09,US,1667640619
233,aranos,-24.1333,19.1167,300.61,12,0,0.79,NA,1667640621
234,iracoubo,5.4802,-53.2011,296.64,90,38,1.53,GF,1667640622
235,kadoma,34.7333,135.5833,291.14,57,20,4.63,JP,1667640624
236,kodiak,57.79,-152.4072,271.88,51,75,18.52,US,1667640625
237,strelka,58.0728,93.0344,270.06,88,92,0.97,RU,1667640627
238,chodavaram,17.8333,82.95,304.06,54,3,2.71,IN,1667640628
239,byron bay,-28.65,153.6167,290.21,75,4,3.35,AU,1667640414
240,kaitangata,-46.2817,169.8464,279.4,78,13,2.67,NZ,1667640631
241,aitape,-3.1374,142.3475,300.37,80,79,1.91,PG,1667640632
242,egvekinot,66.3167,-179.1667,257.12,82,55,1.97,RU,1667640634
243,klaksvik,62.2266,-6.589,278.66,77,88,2.39,FO,1667640635
244,shakhtinsk,49.71,72.5872,275.52,46,75,7.57,KZ,1667640636
245,saskylakh,71.9167,114.0833,252.88,99,99,2.26,RU,1667640638
246,ketchikan,55.3422,-131.6461,275.13,95,100,0.8,US,1667640639
247,namibe,-15.1961,12.1522,295.41,60,98,2.96,AO,1667640641
248,victor harbor,-35.5667,138.6167,292.04,68,94,1.33,AU,1667640642
249,upernavik,72.7868,-56.1549,266.44,82,100,2.84,GL,1667640644
250,moron,-34.6534,-58.6198,289.8,84,0,3.89,AR,1667640645
251,port augusta,-32.5,137.7667,297.18,28,84,2.01,AU,1667640382
252,mar del plata,-38.0023,-57.5575,285.16,87,0,2.57,AR,1667640513
253,lasa,46.6166,10.7002,281.64,75,50,3.13,IT,1667640649
254,barra patuca,15.8,-84.2833,297.1,89,30,0.43,HN,1667640650
255,karlshamn,56.1706,14.8619,281.42,81,97,4.03,SE,1667640653
256,valparaiso,-33.0393,-71.6273,283.09,84,2,1.98,CL,1667640654
257,pacifica,37.6138,-122.4869,286.88,95,100,2.57,US,1667640541
258,makakilo city,21.3469,-158.0858,298.71,81,20,3.09,US,1667640658
259,naze,28.3667,129.4833,291.66,65,5,6.33,JP,1667640660
260,provost,52.3501,-110.2683,269.85,96,100,4.92,CA,1667640621
261,martil,35.6166,-5.2752,295.13,68,0,3.6,MA,1667640662
262,obzor,42.8167,27.8833,296.08,58,100,4.15,BG,1667640664
263,tagudin,16.9355,120.4442,299.31,88,31,1.4,PH,1667640665
264,vila,42.0304,-8.1588,274.64,53,8,0.76,PT,1667640667
265,cortes,41.9395,-1.4396,286.18,47,2,6.34,ES,1667640668
266,betong,5.7743,101.0723,297.16,96,99,0.82,TH,1667640670
267,preston,53.7667,-2.7167,283.14,93,100,6.02,GB,1667640584
268,hasaki,35.7333,140.8333,287.37,60,100,3.32,JP,1667640673
269,xixiang,35.1628,112.865,287.31,51,2,1.23,CN,1667640674
270,auki,-8.7676,160.7034,298.41,87,100,2.02,SB,1667640676
271,hay river,60.8156,-115.7999,261.14,85,100,9.77,CA,1667640679
272,namatanai,-3.6667,152.4333,299.88,82,97,2.64,PG,1667640680
273,atambua,-9.1061,124.8925,299.53,75,100,0.32,ID,1667640682
274,lazaro cardenas,17.9583,-102.2,297.74,87,39,1.93,MX,1667640638
275,kelowna,49.8831,-119.4857,280.79,85,100,8.23,CA,1667640684
276,livingston,55.9029,-3.5226,282.3,95,75,1.03,GB,1667640686
277,bulungu,-4.55,18.6,301.11,65,88,2.65,CD,1667640687
278,dindori,22.95,81.0833,300.53,40,0,2.93,IN,1667640688
279,nanortalik,60.1432,-45.2371,272.56,85,53,0.81,GL,1667640690
280,campina verde,-19.5356,-49.4864,291.3,59,0,4.19,BR,1667640691
281,bronnoysund,65.4625,12.1997,282.15,76,75,9.83,NO,1667640693
282,kruisfontein,-34.0033,24.7314,294.99,66,92,4.64,ZA,1667640694
283,carangola,-20.7331,-42.0294,287.48,90,78,0.28,BR,1667640468
284,esperance,-33.8667,121.9,288.05,71,3,5.07,AU,1667640697
285,olinda,-8.0089,-34.8553,298.0,83,20,1.54,BR,1667640700
286,malya,-2.9833,33.5167,302.67,33,95,3.72,TZ,1667640701
287,palauig,15.435,119.9045,300.51,78,45,1.37,PH,1667640703
288,longyearbyen,78.2186,15.6401,270.06,93,40,4.12,SJ,1667640704
289,estelle,29.8458,-90.1067,298.15,84,100,4.63,US,1667640706
290,palmer,42.1584,-72.3287,290.56,81,100,0.0,US,1667640707
291,la tuque,47.4334,-72.7824,287.29,67,99,3.6,CA,1667640609
292,rock sound,24.9,-76.2,299.87,64,2,7.88,BS,1667640710
293,bathsheba,13.2167,-59.5167,299.49,89,40,7.72,BB,1667640711
294,alta floresta,-9.8756,-56.0861,296.72,63,100,0.93,BR,1667640713
295,buin,-33.7333,-70.75,290.99,79,2,0.85,CL,1667640714
296,kon tum,14.35,108.0,295.52,90,58,1.38,VN,1667640715
297,ust-ishim,57.6935,71.1665,273.07,81,100,6.03,RU,1667640717
298,rio gallegos,-51.6226,-69.2181,282.18,87,0,2.57,AR,1667640718
299,fairbanks,64.8378,-147.7164,263.13,86,100,3.09,US,1667640473
300,aveiras de cima,39.138,-8.8993,287.04,83,19,1.36,PT,1667640721
301,amapa,1.0,-52.0,294.58,99,69,0.44,BR,1667640723
302,kieta,-6.2167,155.6333,299.23,85,100,1.75,PG,1667640724
303,antofagasta,-23.65,-70.4,288.75,84,47,2.29,CL,1667640462
304,broome,42.2506,-75.833,290.59,82,100,3.6,US,1667640727
305,alfredo baquerizo moreno,-1.9167,-79.5167,293.14,81,59,1.48,EC,1667640728
306,labuhan,-6.8844,112.2051,302.09,72,100,2.4,ID,1667640730
307,nelson bay,-32.7167,152.15,291.48,83,0,5.36,AU,1667640731
308,novobirilyussy,56.9514,90.6661,271.35,81,95,2.11,RU,1667640732
309,lorengau,-2.0226,147.2712,301.48,72,99,2.02,PG,1667640734
310,olafsvik,64.8945,-23.7142,278.06,70,100,6.62,IS,1667640735
311,bida,9.0833,6.0167,306.16,29,72,1.31,NG,1667640737
312,sambava,-14.2667,50.1667,299.91,65,88,4.76,MG,1667640740
313,necochea,-38.5473,-58.7368,284.18,85,6,5.68,AR,1667640604
314,omboue,-1.5746,9.2618,301.76,70,54,2.28,GA,1667640743
315,ponta do sol,32.6667,-17.1,296.49,84,82,2.09,PT,1667640745
316,buala,-8.145,159.5921,299.94,80,100,2.21,SB,1667640747
317,taormina,37.8536,15.2885,293.27,59,65,1.53,IT,1667640750
318,rajakhera,26.8961,78.1714,304.27,34,3,2.12,IN,1667640751
319,rio grande,-32.035,-52.0986,290.04,81,1,5.48,BR,1667640752
320,narsaq,60.9167,-46.05,274.27,77,97,2.99,GL,1667640754
321,kawalu,-7.3817,108.2082,296.5,97,100,0.53,ID,1667640755
322,severodvinsk,64.5635,39.8302,274.21,88,99,4.97,RU,1667640467
323,adolfo lopez mateos,28.4667,-107.3,276.59,59,0,0.74,MX,1667640758
324,pueblo,38.2545,-104.6091,280.57,68,0,1.54,US,1667640709
325,kahului,20.8947,-156.47,301.16,64,20,3.58,US,1667640761
326,viransehir,37.2353,39.7631,294.89,28,0,3.48,TR,1667640762
327,matagami,49.7502,-77.6328,274.21,100,100,0.0,CA,1667640756
328,moroto,2.5345,34.6666,302.46,31,32,8.32,UG,1667640765
329,vanimo,-2.6741,141.3028,299.85,82,96,2.12,PG,1667640766
330,perisoru,44.45,27.55,293.61,54,99,3.59,RO,1667640768
331,kisangani,0.5167,25.2,294.66,97,100,0.55,CD,1667640769
332,chippewa falls,44.9369,-91.3929,278.25,94,100,2.06,US,1667640771
333,dehloran,32.6941,47.2679,298.61,18,1,3.23,IR,1667640772
334,vila franca do campo,37.7167,-25.4333,292.7,93,96,3.09,PT,1667640773
335,snyder,32.7179,-100.9176,279.34,65,0,2.06,US,1667640775
336,san policarpo,12.1791,125.5072,300.49,81,100,2.76,PH,1667640776
337,umm kaddadah,13.6017,26.6876,304.35,16,3,4.86,SD,1667640778
338,merauke,-8.4667,140.3333,301.46,80,90,7.0,ID,1667640779
339,anadyr,64.75,177.4833,270.43,79,75,12.0,RU,1667640780
340,holly hill,29.2436,-81.0376,297.6,96,75,0.45,US,1667640783
341,am timan,11.0297,20.2827,306.66,15,47,1.77,TD,1667640784
342,gull lake,50.1001,-108.4847,281.33,61,100,10.17,CA,1667640786
343,urumqi,43.801,87.6005,282.68,54,98,2.0,CN,1667640789
344,yakovlevka,44.425,133.4772,271.67,64,17,1.54,RU,1667640790
345,tolaga bay,-38.3667,178.3,286.54,84,40,3.52,NZ,1667640791
346,boguchany,58.3814,97.4531,272.43,77,100,2.33,RU,1667640793
347,cerrito,6.8432,-72.694,284.76,97,100,0.82,CO,1667640794
348,witu,-2.3889,40.4382,303.24,63,87,4.36,KE,1667640796
349,mayor pablo lagerenza,-19.9309,-60.7718,289.27,62,0,1.87,PY,1667640797
350,sassandra,4.95,-6.0833,301.09,75,43,2.31,CI,1667640800
351,muzhi,65.3667,64.6667,263.66,84,32,1.59,RU,1667640801
352,itoman,26.1247,127.6694,296.36,67,75,8.75,JP,1667640803
353,brae,60.3964,-1.353,282.71,75,81,3.32,GB,1667640804
354,gilgit,35.9221,74.3087,290.72,44,100,2.75,PK,1667640806
355,phan thiet,10.9333,108.1,299.7,78,31,5.97,VN,1667640634
356,carballo,43.213,-8.691,285.66,94,29,2.09,ES,1667640808
357,boa vista,2.8197,-60.6733,295.14,100,0,1.03,BR,1667640810
358,lodja,-3.4833,23.4333,299.7,84,82,0.94,CD,1667640811
359,biloela,-24.4167,150.5,293.63,57,99,5.71,AU,1667640813
360,nieuw amsterdam,5.8833,-55.0833,296.49,98,20,0.0,SR,1667640814
361,southern pines,35.174,-79.3923,292.01,98,100,0.0,US,1667640816
362,tessalit,20.1986,1.0114,302.72,12,0,4.36,ML,1667640817
363,guanica,17.9716,-66.908,297.54,86,100,6.33,PR,1667640819
364,barreirinhas,-2.7469,-42.8264,297.81,82,100,1.93,BR,1667640820
365,kyle,29.9984,-97.8715,290.42,31,99,1.6,US,1667640821
366,onega,63.9061,38.1404,275.42,87,100,4.28,RU,1667640823
367,victoria,22.2855,114.1577,295.55,79,76,4.02,HK,1667640824
368,bereda,43.2686,-7.5406,280.05,100,8,1.47,ES,1667640826
369,tabou,4.423,-7.3528,300.75,75,46,1.92,CI,1667640827
370,clyde river,70.4692,-68.5914,255.28,60,0,3.09,CA,1667640829
371,bam,29.106,58.357,297.86,28,79,3.56,IR,1667640830
372,siderno,38.2779,16.302,289.45,71,100,3.47,IT,1667640831
373,codrington,-38.2667,141.9667,287.87,83,100,2.48,AU,1667640833
374,spring hill,28.4769,-82.5255,294.27,96,100,2.06,US,1667640747
375,kabanjahe,3.1001,98.4908,294.08,84,84,1.64,ID,1667640725
376,yuzhno-kurilsk,44.0306,145.8556,278.73,69,46,4.32,RU,1667640837
377,vartej,21.7333,72.0667,307.01,38,9,3.09,IN,1667640838
378,mende,44.6667,3.5,276.41,70,41,4.2,FR,1667640839
379,axim,4.8699,-2.2405,301.79,71,74,2.01,GH,1667640841
380,baripada,21.935,86.7214,302.55,45,0,2.11,IN,1667640842
381,herat,34.5,62.0,290.98,35,0,1.8,AF,1667640844
382,saldanha,-33.0117,17.9442,297.18,77,82,4.74,ZA,1667640845
383,arona,28.0996,-16.681,293.77,78,20,4.12,ES,1667640847
384,morgantown,39.6295,-79.9559,291.86,80,0,2.57,US,1667640694
385,ayorou,14.7308,0.9174,305.71,14,68,7.78,NE,1667640849
386,bengkulu,-3.8004,102.2655,299.72,80,99,3.5,ID,1667640621
387,gat,31.61,34.7642,299.48,29,0,4.49,IL,1667640853
388,gilbues,-9.8317,-45.3439,294.95,89,100,0.8,BR,1667640855
389,sept-iles,50.2001,-66.3821,289.15,78,75,6.17,CA,1667640588
390,quatre cocos,-20.2078,57.7625,300.21,69,43,4.94,MU,1667640857
391,veracruz,19.3333,-96.6667,293.33,82,3,2.15,MX,1667640859
392,kloulklubed,7.0419,134.2556,298.43,69,100,2.13,PW,1667640861
393,sadovoye,47.7764,44.5089,279.37,59,100,2.76,RU,1667640864
394,nagua,19.3832,-69.8474,295.38,93,87,4.33,DO,1667640865
395,salamiyah,35.0113,37.0532,295.86,27,0,0.61,SY,1667640868
396,eskil,38.4017,33.4131,291.39,28,5,2.37,TR,1667640869
397,krabi,8.0726,98.9105,301.26,78,20,3.09,TH,1667640871
398,pangnirtung,66.1451,-65.7125,258.68,88,95,3.67,CA,1667640872
399,saint george,37.1041,-113.5841,279.48,54,0,1.54,US,1667640814
400,general pico,-35.6566,-63.7568,287.75,48,100,5.8,AR,1667640876
401,svetlogorsk,52.6333,29.7333,277.26,67,61,5.1,BY,1667640878
402,ariquemes,-9.9133,-63.0408,290.56,70,65,0.92,BR,1667640879
403,kashi,39.4547,75.9797,288.71,23,9,3.0,CN,1667640880
404,shu,43.5983,73.7614,285.49,73,95,2.04,KZ,1667640882
405,te karaka,-38.4654,177.8679,284.63,94,61,0.59,NZ,1667640883
406,bressanone,46.715,11.656,282.12,71,47,2.1,IT,1667640885
407,madimba,-10.4,40.3333,302.49,54,42,4.15,TZ,1667640886
408,puerto colombia,10.9878,-74.9547,297.2,92,95,4.99,CO,1667640888
409,berlevag,70.8578,29.0864,275.15,86,100,2.57,NO,1667640889
410,aklavik,68.2191,-135.0107,257.22,92,100,5.62,CA,1667640890
411,sao jose da coroa grande,-8.8978,-35.1478,297.1,86,100,2.61,BR,1667640893
412,la palma,33.8464,-118.0467,289.36,56,0,0.0,US,1667640741
413,kavieng,-2.5744,150.7967,301.04,78,99,2.83,PG,1667640896
414,heilbad heiligenstadt,51.3833,10.1333,282.46,84,11,0.45,DE,1667640897
415,gorontalo,0.5412,123.0595,299.33,87,81,1.14,ID,1667640898
416,strezhevoy,60.7333,77.5889,273.0,97,100,4.95,RU,1667640900
417,inhambane,-23.865,35.3833,302.14,61,40,6.17,MZ,1667640901
418,boyolangu,-8.1181,111.8935,299.1,89,100,2.25,ID,1667640903
419,atikokan,48.7555,-91.6216,270.14,66,0,1.61,CA,1667640904
420,marzuq,14.4,46.4667,302.41,19,2,4.52,YE,1667640906
421,tapes,-30.6733,-51.3958,290.29,74,6,2.36,BR,1667640907
422,cabra,37.4725,-4.4421,291.3,38,26,0.77,ES,1667640909
423,vila velha,-20.3297,-40.2925,293.12,76,20,3.6,BR,1667640863
424,hachinohe,40.5,141.5,278.82,72,8,3.54,JP,1667640912
425,agadez,19.75,10.25,298.1,16,100,4.92,NE,1667640913
426,aras,42.5617,-2.356,280.38,81,0,4.12,ES,1667640914
427,aldan,58.6031,125.3894,262.39,95,100,3.77,RU,1667640918
428,puerto narino,-3.7703,-70.3831,292.66,87,11,0.1,CO,1667640920
429,cahors,44.4167,1.3333,284.03,63,19,1.49,FR,1667640921
430,ruston,32.5232,-92.6379,285.7,94,100,0.0,US,1667640924
431,vigrestad,58.5667,5.7,282.92,78,79,4.16,NO,1667640925
432,bara,10.3744,10.7288,304.76,18,4,4.43,NG,1667640927
433,coffs harbour,-30.3,153.1333,291.13,82,100,2.06,AU,1667640928
434,durant,33.994,-96.3708,280.35,91,0,2.57,US,1667640868
435,maba,24.6841,113.5984,288.78,90,94,0.93,CN,1667640931
436,ola,59.5833,151.2833,265.59,84,48,6.07,RU,1667640932
437,aden,12.7794,45.0367,300.93,67,21,5.79,YE,1667640934
438,dunedin,-45.8742,170.5036,284.15,61,28,3.58,NZ,1667640935
439,la orilla,17.9833,-102.2333,297.45,88,35,2.07,MX,1667640936
440,shubarshi,48.5872,57.1869,274.85,81,100,0.82,KZ,1667640938
441,zavodouspenskoye,56.8626,65.0155,272.31,96,100,5.96,RU,1667640939
442,flin flon,54.7682,-101.865,265.44,95,100,1.84,CA,1667640941
443,kunming,25.0389,102.7183,290.11,48,20,6.0,CN,1667640934
444,tazmalt,36.3868,4.3989,290.05,55,79,4.62,DZ,1667640943
445,curitibanos,-27.2828,-50.5844,283.08,83,63,1.77,BR,1667640945
446,odweyne,9.4092,45.064,301.7,31,11,0.85,SO,1667640946
447,alexandria,31.2156,29.9553,297.13,57,40,1.54,EG,1667640948
448,two rivers,44.1539,-87.5693,281.42,97,100,4.02,US,1667640949
449,mount isa,-20.7333,139.5,304.02,22,75,3.6,AU,1667640660
450,gandajika,-6.75,23.95,293.66,89,100,1.4,CD,1667640952
451,harta,46.6985,19.0305,282.47,84,100,7.88,HU,1667640953
452,port lincoln,-34.7333,135.8667,290.72,68,99,2.56,AU,1667640954
453,nishihara,26.1842,127.7558,295.96,69,100,8.75,JP,1667640956
454,lagos,6.5833,3.75,302.33,56,78,0.54,NG,1667640746
455,kaseda,31.4167,130.3167,289.56,56,48,6.24,JP,1667640960
456,ust-kuyga,70.0167,135.6,251.26,100,100,0.43,RU,1667640961
457,biak,-0.9131,122.8766,299.5,82,24,2.27,ID,1667640963
458,karaton,-6.3424,106.1045,298.74,87,97,1.94,ID,1667640964
459,ullapool,57.8987,-5.1604,281.12,88,100,2.91,GB,1667640966
460,salisbury,51.0693,-1.7957,285.89,96,75,3.09,GB,1667640967
461,seymchan,62.8833,152.4333,254.23,98,100,1.92,RU,1667640968
462,vastseliina,57.7303,27.2932,276.15,62,26,4.55,EE,1667640971
463,thabazimbi,-24.5917,27.4116,303.26,36,2,4.85,ZA,1667640972
464,barcelos,41.5388,-8.6151,288.1,59,6,0.77,PT,1667640974
465,slave lake,55.2834,-114.769,272.14,93,100,2.06,CA,1667640975
466,shibetsu,43.659,145.132,276.54,60,20,2.57,JP,1667640977
467,kasongo-lunda,-6.4667,16.8167,300.44,69,97,2.28,CD,1667640980
468,mathathane,-22.2687,28.7495,302.39,41,100,1.63,BW,1667640981
469,pochutla,15.7432,-96.4661,297.49,89,34,1.46,MX,1667640982
470,galveston,29.3669,-94.9669,290.13,92,100,8.23,US,1667640984
471,waddan,29.1614,16.139,298.81,24,0,5.47,LY,1667640985
472,zaraza,9.3503,-65.3245,293.01,97,54,1.39,VE,1667640987
473,saint-pierre,-21.3393,55.4781,300.47,73,100,6.17,RE,1667640988
474,constitucion,-35.3333,-72.4167,281.49,89,46,2.0,CL,1667640990
475,camacupa,-12.0167,17.4833,296.16,63,61,3.75,AO,1667640991
476,ardabil,38.2498,48.2933,288.9,31,75,1.03,IR,1667640992
477,enumclaw,47.2043,-121.9915,281.7,81,100,2.24,US,1667640994
478,villanueva de cordoba,38.3228,-4.6287,289.93,25,9,0.59,ES,1667640995
479,ucluelet,48.9329,-125.5528,280.42,83,3,2.24,CA,1667640997
480,iqaluit,63.7506,-68.5145,264.0,73,100,4.63,CA,1667640998
481,moyale,3.5167,39.0584,299.74,49,60,4.53,KE,1667641000
482,lalibela,12.0333,39.0333,296.92,17,2,1.58,ET,1667641002
483,hervey bay,-25.2986,152.8535,293.47,69,2,7.26,AU,1667641004
484,montepuez,-13.1256,38.9997,307.72,25,1,3.09,MZ,1667641005
485,sistranda,63.7256,8.834,283.13,78,79,2.95,NO,1667641007
486,huangchuan,32.1272,115.0394,289.88,37,5,4.28,CN,1667641008
487,juneau,58.3019,-134.4197,272.15,100,75,0.0,US,1667641009
488,lompoc,34.6391,-120.4579,284.82,70,0,2.06,US,1667640764
489,panguna,-6.3164,155.4848,293.83,95,100,0.3,PG,1667641014
490,mehamn,71.0357,27.8492,275.12,93,100,3.09,NO,1667641016
491,tucuma,-0.1833,-50.05,297.33,88,75,1.02,BR,1667641017
492,brownwood,31.7093,-98.9912,280.77,81,0,0.0,US,1667641019
493,vostok,46.4856,135.8833,268.57,62,98,4.42,RU,1667641020
494,kutum,14.2,24.6667,300.9,16,6,3.87,SD,1667641022
495,sao lourenco do sul,-31.3653,-51.9783,289.93,82,18,4.09,BR,1667641023
496,san angelo,31.4638,-100.437,281.78,50,0,3.09,US,1667641025
497,cockburn town,21.4612,-71.1419,298.64,75,38,9.06,TC,1667641026
498,bilma,18.6853,12.9164,299.88,16,14,2.14,NE,1667641027
499,bilibino,68.0546,166.4372,260.99,75,100,3.27,RU,1667641029
500,fare,-16.7,-151.0167,296.94,93,100,12.22,PF,1667641030
501,buraydah,26.326,43.975,301.4,20,97,7.94,SA,1667641020
502,cangzhou,38.3167,116.8667,285.89,41,0,2.4,CN,1667641033
503,matara,5.9485,80.5353,300.78,75,100,3.3,LK,1667641034
504,burgeo,47.6167,-57.6152,282.4,91,82,3.56,CA,1667641036
505,yulara,-25.2406,130.9889,301.71,16,18,1.57,AU,1667641037
506,williams lake,52.1415,-122.1445,272.91,82,20,7.2,CA,1667641003
507,sorland,67.667,12.6934,282.07,81,100,0.93,NO,1667641040
508,otane,-39.8833,176.6333,287.04,73,98,1.02,NZ,1667641041
509,concepcion del oro,24.6333,-101.4167,286.66,33,0,2.51,MX,1667641043
510,dingle,10.9995,122.6711,299.21,88,75,2.77,PH,1667641044
511,itajuba,-22.4256,-45.4528,286.9,86,96,0.86,BR,1667641046
512,haines junction,60.7522,-137.5108,262.12,57,100,2.57,CA,1667641047
513,otavi,-19.65,17.3333,302.53,11,80,1.79,NA,1667641049
514,salalah,17.0151,54.0924,304.2,48,0,3.6,OM,1667641050
515,madhipura,25.9167,86.7833,302.45,43,0,1.13,IN,1667641051
516,takab,36.4009,47.1133,284.77,31,1,5.21,IR,1667641053
517,selikhino,50.3672,137.4996,271.0,53,100,0.59,RU,1667641054
518,mahajanga,-15.7167,46.3167,296.16,94,75,2.06,MG,1667641056
519,poronaysk,49.2167,143.1167,272.06,66,73,3.43,RU,1667641057
520,manado,1.487,124.8455,298.58,94,40,0.51,ID,1667640815
521,beyneu,45.3167,55.2,281.65,57,93,0.91,KZ,1667641060
522,tura,25.5198,90.2201,297.87,81,7,1.0,IN,1667641061
523,ballina,-28.8667,153.5667,289.83,97,3,3.25,AU,1667641064
524,karpokhorion,39.3333,22.0167,291.94,35,70,1.15,GR,1667641065
525,zhezkazgan,47.8043,67.7144,273.14,80,100,5.0,KZ,1667641068
526,coruripe,-10.1256,-36.1756,296.28,85,100,4.61,BR,1667641071
527,leningradskiy,69.3833,178.4167,256.32,85,6,4.16,RU,1667641072
528,los llanos de aridane,28.6585,-17.9182,295.01,85,20,3.6,ES,1667641002
529,isla mujeres,21.2311,-86.731,296.18,74,14,3.94,MX,1667641075
530,mbanza-ngungu,-5.25,14.8667,293.19,96,100,1.75,CD,1667641076
531,jiangyou,31.7667,104.7167,290.32,70,91,0.67,CN,1667641077
532,brigantine,39.4101,-74.3646,290.93,95,0,2.06,US,1667641079
533,cherskiy,68.75,161.3,262.68,74,100,3.35,RU,1667641080
534,kalevala,65.2,31.1667,276.95,82,100,3.57,RU,1667641082
535,menongue,-14.6585,17.691,293.29,79,97,2.24,AO,1667641083
536,marsh harbour,26.5412,-77.0636,299.39,68,26,9.6,BS,1667640933
537,vieux-habitants,16.0589,-61.7659,298.91,75,100,4.32,GP,1667641086
538,salta,-24.7859,-65.4117,282.48,46,4,3.09,AR,1667641087
539,riyadh,24.6877,46.7219,300.23,39,99,5.7,SA,1667640805
540,polunochnoye,60.8697,60.4153,269.06,89,51,2.27,RU,1667641090
541,maragogi,-9.0122,-35.2225,296.49,88,100,2.41,BR,1667641091
542,kirakira,-10.4544,161.9205,299.64,81,100,1.05,SB,1667641093
543,sao joao da barra,-21.6403,-41.0511,291.2,75,1,6.14,BR,1667641094
544,sale,34.0389,-6.8166,294.53,83,40,2.57,MA,1667641096
545,gewane,10.1664,40.6453,306.86,21,1,3.82,ET,1667641097
546,mount gambier,-37.8333,140.7667,286.91,74,96,1.66,AU,1667641099
547,maniitsoq,65.4167,-52.9,268.37,75,100,2.31,GL,1667641100
548,bonnyville,54.2668,-110.735,268.04,90,100,5.45,CA,1667641102
549,cayenne,4.9333,-52.3333,296.17,94,0,0.0,GF,1667640868
550,deputatskiy,69.3,139.9,250.1,99,99,1.93,RU,1667641105
551,dudinka,69.4058,86.1778,266.83,95,100,7.28,RU,1667641108
552,balabac,7.9868,117.0645,300.69,82,100,3.8,PH,1667641109
553,yaan,7.3833,8.5667,302.87,29,99,4.35,NG,1667641111
554,tuatapere,-46.1333,167.6833,279.95,78,5,2.4,NZ,1667641112
555,la ronge,55.1001,-105.2842,270.29,86,100,3.09,CA,1667645470
556,chernyshevskiy,63.0128,112.4714,262.45,94,100,2.44,RU,1667645472
557,kalmunai,7.4167,81.8167,299.96,80,99,1.92,LK,1667645473
558,nantucket,41.2835,-70.0995,290.23,97,40,4.12,US,1667645186
559,chitungwiza,-18.0127,31.0756,301.23,36,72,2.24,ZW,1667645476
